,Language,Type,Econ,Loc,Glob
0,aar,Whole,0.0073673870333988214,0.5882352941176471,0.4074074074074074
1,aar,Consonant,0.032388663967611336,0.5777777777777777,0.55
2,aar,Stop/affricate,0.09090909090909091,0.5,0.5
3,aar,Vowel,0.45454545454545453,1.0,0.0
